"admin","Administrator","admin","default","default"
"test_user1","test_user1","password","default","default"
"test_user2","test_user2","password","default","default"
"test_user3","test_user3","password","default","default"
"test_user4","test_user4","password","default","default"
"test_user5","test_user5","password","default","default"
"test_user6","test_user6","password","default","default"
"test_user7","test_user7","password","default","default"
"test_user8","test_user8","password","default","default"
"test_user9","test_user9","password","default","default"
"test_user10","test_user10","password","default","default"